condition,jd_tdb,date_tdb,astronomical_year,era,display_year,month,day,time_tdb,calendar,outer_body,outer_orbit_index,outer_phase,perihelion_jd_tdb,perihelion_date_tdb,perihelion_q_km,outer_distance_km,delta_outer_km,inner_distance_km,residual_km,roots_in_orbit
7_9,321788.017708794039,3832 BCE-01-03 12:25:30,-3831,BCE,3832,1,3,12:25:30,Julian,pluto,1,Receding from perihelion,285063.356686663406,3933 BCE-06-17 20:33:38,4428404504.974935531616,7167524560.078015327454,2739120055.103079795837,2739120055.103080749512,-0.000000953674,2
7_9,329680.055795121822,3811 BCE-08-13 13:20:21,-3810,BCE,3811,8,13,13:20:21,Julian,pluto,1,Receding from perihelion,285063.356686663406,3933 BCE-06-17 20:33:38,4428404504.974935531616,7317505897.840177536011,2889101392.865242004395,2889101392.865241527557,-0.000000953674,2
7_9,411794.979873842909,3586 BCE-06-08 11:31:01,-3585,BCE,3586,6,8,11:31:01,Julian,pluto,2,Receding from perihelion,374853.244520684704,3687 BCE-04-17 17:52:07,4428399187.201498985291,7178826385.809854507446,2750427198.608355522156,2750427198.608353614807,-0.000000953674,2
7_9,421513.936404408654,3559 BCE-01-16 10:28:25,-3558,BCE,3559,1,16,10:28:25,Julian,pluto,2,Approaching perihelion,374853.244520684704,3687 BCE-04-17 17:52:07,4428399187.201498985291,7313263062.461787223816,2884863875.260288238525,2884863875.260288715363,-0.000000953674,2
7_9,502266.258673992823,3338 BCE-02-17 18:12:29,-3337,BCE,3338,2,17,18:12:29,Julian,pluto,3,Receding from perihelion,464549.432825230411,3442 BCE-11-13 22:23:16,4429673678.327093124390,7200808631.388374328613,2771134953.061281204224,2771134953.061284065247,-0.000000953674,2
7_9,512807.728153898555,3310 BCE-12-29 05:28:32,-3309,BCE,3310,12,29,05:28:32,Julian,pluto,3,Approaching perihelion,464549.432825230411,3442 BCE-11-13 22:23:16,4429673678.327093124390,7294376252.555994987488,2864702574.228901863098,2864702574.228901863098,-0.000000953674,2
7_9,592944.103105567745,3090 BCE-05-24 14:28:28,-3089,BCE,3090,5,24,14:28:28,Julian,pluto,4,Receding from perihelion,554395.386532118195,3196 BCE-11-07 21:16:36,4428105693.639598846436,7230087273.955804824829,2801981580.316205978394,2801981580.316205024719,-0.000000953674,2
7_9,604087.747037804686,3060 BCE-11-26 05:55:44,-3059,BCE,3060,11,26,05:55:44,Julian,pluto,4,Approaching perihelion,554395.386532118195,3196 BCE-11-07 21:16:36,4428105693.639598846436,7271238276.096654891968,2843132582.457056045532,2843132582.457056522369,-0.000000953674,2
7_9,683841.563143062405,2841 BCE-04-04 01:30:56,-2840,BCE,2841,4,4,01:30:56,Julian,pluto,5,Receding from perihelion,644336.164275022573,2949 BCE-02-05 15:56:33,4428711900.302310943604,7256939167.921112060547,2828227267.618801116943,2828227267.618800163269,-0.000000953674,2
7_9,695037.214950830094,2811 BCE-11-28 17:09:32,-2810,BCE,2811,11,28,17:09:32,Julian,pluto,5,Approaching perihelion,644336.164275022573,2949 BCE-02-05 15:56:33,4428711900.302310943604,7242530350.633571624756,2813818450.331260681152,2813818450.331259250641,-0.000000953674,2
7_9,774960.203409943613,2592 BCE-09-22 16:52:55,-2591,BCE,2592,9,22,16:52:55,Julian,pluto,6,Receding from perihelion,734124.181583453552,2704 BCE-12-03 16:21:29,4430031386.751874923706,7287425887.513979911804,2857394500.762104988098,2857394500.762106418610,-0.000000953674,2
7_9,785989.587675139541,2562 BCE-12-04 02:06:15,-2561,BCE,2562,12,4,02:06:15,Julian,pluto,6,Approaching perihelion,734124.181583453552,2704 BCE-12-03 16:21:29,4430031386.751874923706,7214356687.619206428528,2784325300.867331504822,2784325300.867331504822,-0.000000953674,2
7_9,866198.833701008465,2342 BCE-07-11 08:00:32,-2341,BCE,2342,7,11,08:00:32,Julian,pluto,7,Receding from perihelion,823916.054235440330,2458 BCE-10-05 13:18:06,4430384037.112885475159,7308359471.642488479614,2877975434.529603004456,2877975434.529602050781,-0.000000953674,2
7_9,876665.540912130265,2313 BCE-03-07 00:58:55,-2312,BCE,2313,3,7,00:58:55,Julian,pluto,7,Approaching perihelion,823916.054235440330,2458 BCE-10-05 13:18:06,4430384037.112885475159,7186797048.114360809326,2756413011.001475334167,2756413011.001473903656,-0.000000953674,2
7_9,957721.339980627177,2091 BCE-02-05 20:09:34,-2090,BCE,2091,2,5,20:09:34,Julian,pluto,8,Receding from perihelion,913808.671657298342,2212 BCE-11-15 04:07:11,4428340637.843951225281,7326898017.789207458496,2898557379.945256233215,2898557379.945256233215,-0.000000953674,2
7_9,967361.504729752196,2065 BCE-06-29 00:06:49,-2064,BCE,2065,6,29,00:06:49,Julian,pluto,8,Approaching perihelion,913808.671657298342,2212 BCE-11-15 04:07:11,4428340637.843951225281,7163210991.038101196289,2734870353.194149971008,2734870353.194147109985,-0.000000953674,2
7_9,1049717.150833857711,1840 BCE-12-20 15:37:12,-1839,BCE,1840,12,20,15:37:12,Julian,pluto,9,Approaching perihelion,1003835.210968875559,1965 BCE-05-08 17:03:48,4430523288.489578247070,7328589023.080984115601,2898065734.591405868530,2898065734.591408252716,-0.000000953674,2
7_9,1057388.100750124315,1819 BCE-12-21 14:25:05,-1818,BCE,1819,12,21,14:25:05,Julian,pluto,9,Approaching perihelion,1003835.210968875559,1965 BCE-05-08 17:03:48,4430523288.489578247070,7162123140.203598976135,2731599851.714020729065,2731599851.714020729065,-0.000000953674,2
7_9,1143397.699208499864,1583 BCE-06-15 04:46:52,-1582,BCE,1583,6,15,04:46:52,Julian,pluto,10,Approaching perihelion,1093771.757758694235,1719 BCE-08-02 06:11:10,4430132404.369071960449,7287282578.269356727600,2857150173.900284767151,2857150173.900286197662,-0.000000953674,2
7_9,1146185.056577742565,1575 BCE-01-31 13:21:28,-1574,BCE,1575,1,31,13:21:28,Julian,pluto,10,Approaching perihelion,1093771.757758694235,1719 BCE-08-02 06:11:10,4430132404.369071960449,7209554000.783665657043,2779421596.414593696594,2779421596.414589881897,-0.000000953674,2
7_9,1490702.661883256631,0632 BCE-04-28 03:53:07,-631,BCE,632,4,28,03:53:07,Julian,pluto,14,Receding from perihelion,1454014.331033099676,0733 BCE-11-15 19:56:41,4432221150.637935638428,7188005794.162781715393,2755784643.524846076965,2755784643.524848937988,-0.000000953674,2
7_9,1496482.150688259630,0616 BCE-02-22 15:36:59,-615,BCE,616,2,22,15:36:59,Julian,pluto,14,Receding from perihelion,1454014.331033099676,0733 BCE-11-15 19:56:41,4432221150.637935638428,7329716452.831859588623,2897495302.193923950195,2897495302.193923950195,-0.000000953674,2
7_9,1580295.629319466418,0387 BCE-08-13 03:06:13,-386,BCE,387,8,13,03:06:13,Julian,pluto,15,Receding from perihelion,1544114.051853063051,0486 BCE-07-22 13:14:40,4434290308.093036651611,7170700908.536604881287,2736410600.443568229675,2736410600.443566799164,-0.000000953674,2
7_9,1589333.948946316959,0362 BCE-05-12 10:46:29,-361,BCE,362,5,12,10:46:29,Julian,pluto,15,Approaching perihelion,1544114.051853063051,0486 BCE-07-22 13:14:40,4434290308.093036651611,7349688171.345567703247,2915397863.252531051636,2915397863.252530574799,-0.000000953674,2
7_9,1670689.604595394805,0139 BCE-02-06 02:30:37,-138,BCE,139,2,6,02:30:37,Julian,pluto,16,Receding from perihelion,1634218.141080119181,0239 BCE-03-31 15:23:09,4432580353.075523376465,7180122424.359481811523,2747542071.283958435059,2747542071.283952713013,-0.000000953674,2
7_9,1681286.126259037526,0110 BCE-02-10 15:01:49,-109,BCE,110,2,10,15:01:49,Julian,pluto,16,Approaching perihelion,1634218.141080119181,0239 BCE-03-31 15:23:09,4432580353.075523376465,7344575319.718368530273,2911994966.642845153809,2911994966.642848014832,-0.000000953674,2
7_9,1761335.522986819968,0110 CE-04-11 00:33:06,110,CE,110,4,11,00:33:06,Julian,pluto,17,Receding from perihelion,1724450.208400478354,0009 CE-04-15 17:00:06,4434001512.430428504944,7199323473.324760437012,2765321960.894331932068,2765321960.894336223602,-0.000000953674,2
7_9,1772831.533277608221,0141 CE-10-01 00:47:55,141,CE,141,10,1,00:47:55,Julian,pluto,17,Approaching perihelion,1724450.208400478354,0009 CE-04-15 17:00:06,4434001512.430428504944,7333504924.319224357605,2899503411.888795852661,2899503411.888793468475,-0.000000953674,2
7_9,1852213.850851782830,0359 CE-02-01 08:25:14,359,CE,359,2,1,08:25:14,Julian,pluto,18,Receding from perihelion,1814817.591808737954,0256 CE-09-13 02:12:12,4432309588.948730468750,7222443775.849766731262,2790134186.901036262512,2790134186.901035308838,-0.000000953674,2
7_9,1864286.981578723062,0392 CE-02-21 11:33:28,392,CE,392,2,21,11:33:28,Julian,pluto,18,Approaching perihelion,1814817.591808737954,0256 CE-09-13 02:12:12,4432309588.948730468750,7316585260.128033638000,2884275671.179303169250,2884275671.179304122925,-0.000000953674,2
7_9,1943166.459516842384,0608 CE-02-06 23:01:42,608,CE,608,2,6,23:01:42,Julian,pluto,19,Receding from perihelion,1905177.245132402284,0504 CE-02-03 17:52:59,4434224704.027436256409,7246306782.164361953735,2812082078.136925697327,2812082078.136930465698,-0.000000953674,2
7_9,1955549.526087736711,0642 CE-01-02 00:37:34,642,CE,642,1,2,00:37:34,Julian,pluto,19,Approaching perihelion,1905177.245132402284,0504 CE-02-03 17:52:59,4434224704.027436256409,7299633466.423141479492,2865408762.395705223083,2865408762.395709514618,-0.000000953674,2
7_9,2034294.497405176051,0857 CE-08-05 23:56:16,857,CE,857,8,5,23:56:16,Julian,pluto,20,Receding from perihelion,1995586.260519136675,0751 CE-08-14 18:15:09,4434519216.146670341492,7271803431.917840957642,2837284215.771170616150,2837284215.771177291870,-0.000000953674,2
7_9,2046832.599554717541,0891 CE-12-04 02:23:22,891,CE,891,12,4,02:23:22,Julian,pluto,20,Approaching perihelion,1995586.260519136675,0751 CE-08-14 18:15:09,4434519216.146670341492,7279108484.330024719238,2844589268.183354377747,2844589268.183354377747,-0.000000953674,2
7_9,2125435.380377897993,1107 CE-02-15 21:07:45,1107,CE,1107,2,15,21:07:45,Julian,pluto,21,Receding from perihelion,2085924.099366777809,0998 CE-12-13 14:23:05,4435849508.459568977356,7294034876.851032257080,2858185368.391463279724,2858185368.391460895538,-0.000000953674,2
7_9,2138004.585363377817,1141 CE-07-16 02:02:55,1141,CE,1141,7,16,02:02:55,Julian,pluto,21,Approaching perihelion,2085924.099366777809,0998 CE-12-13 14:23:05,4435849508.459568977356,7258726431.738981246948,2822876923.279412269592,2822876923.279404640198,-0.000000953674,2
7_9,2216728.382279769517,1357 CE-01-26 21:10:29,1357,CE,1357,1,26,21:10:29,Julian,pluto,22,Receding from perihelion,2176289.643332442734,1246 CE-05-11 03:26:24,4436059868.403391838074,7317547161.675065994263,2881487293.271674156189,2881487293.271676540375,-0.000000953674,2
7_9,2229221.549002134707,1391 CE-04-12 01:10:34,1391,CE,1391,4,12,01:10:34,Julian,pluto,22,Approaching perihelion,2176289.643332442734,1246 CE-05-11 03:26:24,4436059868.403391838074,7236613061.060154914856,2800553192.656763076782,2800553192.656759738922,-0.000000953674,2
7_9,2308034.351680079009,1607 CE-01-30 20:26:25,1607,CE,1607,1,30,20:26:25,Gregorian,pluto,23,Receding from perihelion,2266729.130165944342,1493 CE-12-19 15:07:26,4436489217.787180900574,7336270564.486757278442,2899781346.699576377869,2899781346.699578762054,-0.000000953674,2
7_9,2320327.776212836150,1640 CE-09-27 06:37:45,1640,CE,1640,9,27,06:37:45,Gregorian,pluto,23,Approaching perihelion,2266729.130165944342,1493 CE-12-19 15:07:26,4436489217.787180900574,7215640277.415187835693,2779151059.628006935120,2779151059.628014564514,-0.000000953674,2
7_9,2399465.321216036566,1857 CE-05-30 19:42:33,1857,CE,1857,5,30,19:42:33,Gregorian,pluto,24,Receding from perihelion,2357188.028282196727,1741 CE-08-29 12:40:44,4435466133.944947242737,7355483623.612424850464,2920017489.667477607727,2920017489.667485713959,-0.000000953674,2
7_9,2411501.961910703685,1890 CE-05-14 11:05:09,1890,CE,1890,5,14,11:05:09,Gregorian,pluto,24,Approaching perihelion,2357188.028282196727,1741 CE-08-29 12:40:44,4435466133.944947242737,7194607711.355045318604,2759141577.410098075867,2759141577.410099029541,-0.000000953674,2
