Node,Date_TDB,Condition,Elapsed_from_preceding,Interpretive_status,Computational_origin,Selection_provenance,Computational_and_interpretive_status,Alternative_assignments_considered
Terminal Flood boundary,2958 BCE-02-14 18:53:22,3-6,,Proposed end of Flood episode and opening boundary of post-Flood sequence,JPL Horizons-based root catalogue generated for Hayrapetyan (2026a),Inherited from the preceding methodological study; no new astronomical search in the present article,A-level computational date; interpretation separately classified; D-E: proposed terminal Flood-boundary assignment,"Flood onset; local flood horizon; no historical assignment. Retained specifically as the proposed end of the Flood/post-Flood boundary, not onset."
Gomer initiation,2841 BCE-04-04 01:30:52,7-9,117.1366 tropical years,Retrospective initiation candidate,JPL Horizons-based root catalogue generated for Hayrapetyan (2026a),Selected retrospectively from the pre-existing full root catalogue during the present historical analysis,A-level computational date; interpretation separately classified; E: proposed Gomer initiation/completion assignment,Biological conception; settlement initiation; post-crisis resettlement marker; no historical assignment.
Gomer materialization,2841 BCE-12-09 06:17:40,3-6,249.1992 days,Retrospective completion/materialization candidate,JPL Horizons-based root catalogue generated for Hayrapetyan (2026a),Selected retrospectively from the pre-existing full root catalogue during the present historical analysis,A-level computational date; interpretation separately classified; E: proposed Gomer initiation/completion assignment,Biological birth; settlement completion; seasonal endpoint; no historical assignment.
Tiras,2811 BCE-11-28 17:09:31,7-9,29.9704 tropical years,Retrospective branching/dispersal candidate,JPL Horizons-based root catalogue generated for Hayrapetyan (2026a),Selected retrospectively from the pre-existing full root catalogue during the present historical analysis,A-level computational date; interpretation separately classified; E: proposed branching/dispersal assignment,Individual birth; dispersal/branching transition; omitted-generation marker; no historical assignment.
Togarmah,2592 BCE-09-22 16:52:57,7-9,218.8217 tropical years,Retrospective common-house candidate,JPL Horizons-based root catalogue generated for Hayrapetyan (2026a),Selected retrospectively from the pre-existing full root catalogue during the present historical analysis,A-level computational date; interpretation separately classified; E: proposed common-house assignment,Individual birth; territorial consolidation; formation of a common house; no historical assignment.
Hayk birth-related candidate node,2562 BCE-12-04 02:06:10,7-9,30.1974 tropical years,Birth-related candidate node; historical association interpretive; not a political event,JPL Horizons-based root catalogue generated for Hayrapetyan (2026a),Inherited from the preceding methodological study; no new astronomical search in the present article,A-level computational date; interpretation separately classified; D-E: designated Hayk birth-related candidate node; not a political event,No alternative assignment formally retained; interpretation remains provisional.
Hayk departure/Haykashen,2517 BCE-09-25,,Approx. 45 years after birth-related candidate node,Separate historical candidate,Previously proposed historical-event candidate in Hayrapetyan (2026a),Separate historical candidate retained from the preceding Hayk analysis; not used as an endpoint of the 396.81-year comparison,Historical candidate; separate from the principal root interval; D-E: separate historical assignment requiring independent source evaluation,No alternative assignment formally retained; interpretation remains provisional.
Battle and killing of Bel,2498 BCE-10-27,,Approx. 64 years after birth-related candidate node,Separate historical candidate,Previously proposed historical-event candidate in Hayrapetyan (2026a),Separate historical candidate retained from the preceding Hayk analysis; not used as an endpoint of the 396.81-year comparison,Historical candidate; separate from the principal root interval; D-E: separate historical assignment requiring independent source evaluation,No alternative assignment formally retained; interpretation remains provisional.
Immediate consolidation,2498 BCE-10-31,,4 days after battle candidate,Secondary post-battle candidate,Previously proposed historical-event candidate in Hayrapetyan (2026a),Separate historical candidate retained from the preceding Hayk analysis; not used as an endpoint of the 396.81-year comparison,Historical candidate; separate from the principal root interval; D-E: separate historical assignment requiring independent source evaluation,No alternative assignment formally retained; interpretation remains provisional.
