condition,event_id,date_tdb,era,display_year,astronomical_year,month,day,time_tdb,calendar,outer_phase,perihelion_date_tdb,perihelion_q_km,outer_distance_km,delta_outer_km,inner_distance_km,residual_km,roots_in_orbit,historical_event,category_type,location_region,historical_source,notes,jd_tdb
7_9,1,3832 BCE-01-03 12:25:35,BCE,3832,-3831,1,3,12:25:35,Julian,Receding from perihelion,3933 BCE-06-17,4428404507,7167524563,2739120056,2739120056,0,2,,,,,,321788.017766203731
7_9,2,3811 BCE-08-13 13:20:05,BCE,3811,-3810,8,13,13:20:05,Julian,Receding from perihelion,3933 BCE-06-17,4428404507,7317505895,2889101388,2889101388,0,2,,,,,,329680.055613425910
7_9,3,3586 BCE-06-08 11:31:01,BCE,3586,-3585,6,8,11:31:01,Julian,Receding from perihelion,3687 BCE-04-17,4428399187,7178826386,2750427199,2750427199,0,2,,,,,,411794.979872685159
7_9,4,3559 BCE-01-16 10:28:20,BCE,3559,-3558,1,16,10:28:20,Julian,Approaching perihelion,3687 BCE-04-17,4428399187,7313263061,2884863874,2884863874,0,2,,,,,,421513.936342592584
7_9,5,3338 BCE-02-17 18:12:30,BCE,3338,-3337,2,17,18:12:30,Julian,Receding from perihelion,3442 BCE-11-13,4429673679,7200808632,2771134953,2771134953,0,2,,,,,,502266.258680555562
7_9,6,3310 BCE-12-29 05:28:33,BCE,3310,-3309,12,29,05:28:33,Julian,Approaching perihelion,3442 BCE-11-13,4429673679,7294376253,2864702574,2864702574,0,2,,,,,,512807.728159722232
7_9,7,3090 BCE-05-24 14:28:29,BCE,3090,-3089,5,24,14:28:29,Julian,Receding from perihelion,3196 BCE-11-07,4428105694,7230087275,2801981581,2801981581,0,2,,,,,,592944.103113425896
7_9,8,3060 BCE-11-26 05:55:41,BCE,3060,-3059,11,26,05:55:41,Julian,Approaching perihelion,3196 BCE-11-07,4428105694,7271238276,2843132582,2843132583,-1,2,,,,,,604087.747002314776
7_9,9,2841 BCE-04-04 01:30:52,BCE,2841,-2840,4,4,01:30:52,Julian,Receding from perihelion,2949 BCE-02-05,4428711899,7256939168,2828227269,2828227269,0,2,,,,,,683841.563101851847
7_9,10,2811 BCE-11-28 17:09:31,BCE,2811,-2810,11,28,17:09:31,Julian,Approaching perihelion,2949 BCE-02-05,4428711899,7242530349,2813818450,2813818451,-1,2,,,,,,695037.214942129678
7_9,11,2592 BCE-09-22 16:52:57,BCE,2592,-2591,9,22,16:52:57,Julian,Receding from perihelion,2704 BCE-12-03,4430031387,7287425887,2857394500,2857394500,0,2,,,,,,774960.203437500051
7_9,12,2562 BCE-12-04 02:06:10,BCE,2562,-2561,12,4,02:06:10,Julian,Approaching perihelion,2704 BCE-12-03,4430031387,7214356687,2784325300,2784325300,0,2,,,,,,785989.587615740718
7_9,13,2342 BCE-07-11 08:00:36,BCE,2342,-2341,7,11,08:00:36,Julian,Receding from perihelion,2458 BCE-10-05,4430384037,7308359473,2877975436,2877975436,0,2,,,,,,866198.833749999991
7_9,14,2313 BCE-03-07 00:59:00,BCE,2313,-2312,3,7,00:59:00,Julian,Approaching perihelion,2458 BCE-10-05,4430384037,7186797046,2756413009,2756413009,0,2,,,,,,876665.540972222225
7_9,15,2091 BCE-02-05 20:09:34,BCE,2091,-2090,2,5,20:09:34,Julian,Receding from perihelion,2212 BCE-11-15,4428340637,7326898018,2898557381,2898557380,1,2,,,,,,957721.339976851828
7_9,16,2065 BCE-06-29 00:06:53,BCE,2065,-2064,6,29,00:06:53,Julian,Approaching perihelion,2212 BCE-11-15,4428340637,7163210988,2734870351,2734870351,0,2,,,,,,967361.504780092626
7_9,17,1840 BCE-12-20 15:37:20,BCE,1840,-1839,12,20,15:37:20,Julian,Approaching perihelion,1965 BCE-05-08,4430523288,7328589020,2898065732,2898065731,1,2,,,,,,1049717.150925925933
7_9,18,1819 BCE-12-21 14:25:07,BCE,1819,-1818,12,21,14:25:07,Julian,Approaching perihelion,1965 BCE-05-08,4430523288,7162123140,2731599852,2731599852,0,2,,,,,,1057388.100775463041
7_9,19,1583 BCE-06-15 04:47:18,BCE,1583,-1582,6,15,04:47:18,Julian,Approaching perihelion,1719 BCE-08-02,4430132405,7287282570,2857150165,2857150165,0,2,,,,,,1143397.699513888918
7_9,20,1575 BCE-01-31 13:21:20,BCE,1575,-1574,1,31,13:21:20,Julian,Approaching perihelion,1719 BCE-08-02,4430132405,7209554004,2779421599,2779421599,0,2,,,,,,1146185.056481481530
7_9,21,0632 BCE-04-28 03:52:51,BCE,632,-631,4,28,03:52:51,Julian,Receding from perihelion,0733 BCE-11-15,4432221150,7188005790,2755784640,2755784640,0,2,,,,,,1490702.661701388890
7_9,22,0616 BCE-02-22 15:37:05,BCE,616,-615,2,22,15:37:05,Julian,Receding from perihelion,0733 BCE-11-15,4432221150,7329716454,2897495304,2897495304,0,2,,,,,,1496482.150752314832
7_9,23,0387 BCE-08-13 03:06:11,BCE,387,-386,8,13,03:06:11,Julian,Receding from perihelion,0486 BCE-07-22,4434290307,7170700907,2736410600,2736410600,0,2,,,,,,1580295.629293981474
7_9,24,0362 BCE-05-12 10:46:33,BCE,362,-361,5,12,10:46:33,Julian,Approaching perihelion,0486 BCE-07-22,4434290307,7349688172,2915397865,2915397864,1,2,,,,,,1589333.948993055616
7_9,25,0139 BCE-02-06 02:30:31,BCE,139,-138,2,6,02:30:31,Julian,Receding from perihelion,0239 BCE-03-31,4432580353,7180122421,2747542068,2747542068,0,2,,,,,,1670689.604525462957
7_9,26,0110 BCE-02-10 15:01:49,BCE,110,-109,2,10,15:01:49,Julian,Approaching perihelion,0239 BCE-03-31,4432580353,7344575320,2911994967,2911994967,0,2,,,,,,1681286.126261573983
7_9,27,0110 CE-04-11 00:33:09,CE,110,110,4,11,00:33:09,Julian,Receding from perihelion,0009 CE-04-15,4434001514,7199323475,2765321961,2765321960,1,2,,,,,,1761335.523020833265
7_9,28,0141 CE-10-01 00:47:54,CE,141,141,10,1,00:47:54,Julian,Approaching perihelion,0009 CE-04-15,4434001514,7333504926,2899503412,2899503411,1,2,,,,,,1772831.533263888909
7_9,29,0359 CE-02-01 08:25:14,CE,359,359,2,1,08:25:14,Julian,Receding from perihelion,0256 CE-09-13,4432309589,7222443776,2790134187,2790134187,0,2,,,,,,1852213.850856481586
7_9,30,0392 CE-02-21 11:33:27,CE,392,392,2,21,11:33:27,Julian,Approaching perihelion,0256 CE-09-13,4432309589,7316585260,2884275671,2884275671,0,2,,,,,,1864286.981562499888
7_9,31,0608 CE-02-06 23:01:43,CE,608,608,2,6,23:01:43,Julian,Receding from perihelion,0504 CE-02-03,4434224704,7246306782,2812082078,2812082078,0,2,,,,,,1943166.459525462938
7_9,32,0642 CE-01-02 00:37:31,CE,642,642,1,2,00:37:31,Julian,Approaching perihelion,0504 CE-02-03,4434224704,7299633467,2865408763,2865408763,0,2,,,,,,1955549.526053240756
7_9,33,0857 CE-08-05 23:56:17,CE,857,857,8,5,23:56:17,Julian,Receding from perihelion,0751 CE-08-14,4434519216,7271803433,2837284217,2837284217,0,2,,,,,,2034294.497418981511
7_9,34,0891 CE-12-04 02:23:18,CE,891,891,12,4,02:23:18,Julian,Approaching perihelion,0751 CE-08-14,4434519216,7279108485,2844589269,2844589269,0,2,,,,,,2046832.599513888825
7_9,35,1107 CE-02-15 21:07:46,CE,1107,1107,2,15,21:07:46,Julian,Receding from perihelion,0998 CE-12-13,4435849510,7294034878,2858185368,2858185368,0,2,,,,,,2125435.380393518601
7_9,36,1141 CE-07-16 02:02:52,CE,1141,1141,7,16,02:02:52,Julian,Approaching perihelion,0998 CE-12-13,4435849510,7258726432,2822876922,2822876922,0,2,,,,,,2138004.585324074142
7_9,37,1357 CE-01-26 21:10:32,CE,1357,1357,1,26,21:10:32,Julian,Receding from perihelion,1246 CE-05-11,4436059868,7317547160,2881487292,2881487292,0,2,,,,,,2216728.382314814720
7_9,38,1391 CE-04-12 01:10:37,CE,1391,1391,4,12,01:10:37,Julian,Approaching perihelion,1246 CE-05-11,4436059868,7236613061,2800553193,2800553193,0,2,,,,,,2229221.549039351754
7_9,39,1607 CE-01-30 20:26:28,CE,1607,1607,1,30,20:26:28,Gregorian,Receding from perihelion,1493 CE-12-19,4436489218,7336270566,2899781348,2899781348,0,2,,,,,,2308034.351712963078
7_9,40,1640 CE-09-27 06:37:48,CE,1640,1640,9,27,06:37:48,Gregorian,Approaching perihelion,1493 CE-12-19,4436489218,7215640276,2779151058,2779151058,0,2,,,,,,2320327.776250000112
7_9,41,1857 CE-05-30 19:42:32,CE,1857,1857,5,30,19:42:32,Gregorian,Receding from perihelion,1741 CE-08-29,4435466133,7355483623,2920017490,2920017490,0,2,,,,,,2399465.321203703526
7_9,42,1890 CE-05-14 11:05:08,CE,1890,1890,5,14,11:05:08,Gregorian,Approaching perihelion,1741 CE-08-29,4435466133,7194607712,2759141579,2759141579,0,2,,,,,,2411501.961898148060
